3,5729535716,2020-09-18
7,5729535716,2021-07-24
18,5729535716,2022-02-04
13,5729535716,2020-11-30
7,5729535716,2020-11-01
1,5729535716,2021-05-27
16,5729535716,2021-06-14
20,5729535716,2022-01-19
1,5729535716,2022-01-29
9,5729535716,2021-04-04
8,5729535716,2021-12-09
14,5729535716,2020-09-24
10,5729535716,2021-05-20
17,5729535716,2021-08-31
13,5729535716,2020-11-23
4,5729535716,2020-10-29
13,5729535716,2021-06-14
9,5729535716,2021-01-13
17,5729535716,2020-05-21
5,5729535716,2020-08-17
19,5729535716,2021-11-05
9,5729535716,2021-10-20
20,5729535716,2021-12-20
10,5729535716,2021-05-08
5,5729535716,2020-04-14
20,5729535716,2021-08-28
14,5729535716,2020-03-20
16,5729535716,2021-01-18
20,5729535716,2021-01-07
13,5729535716,2022-04-07
12,5729535716,2021-10-04
7,5729535716,2020-03-09
3,5729535716,2021-05-27
19,5729535716,2021-11-14
3,5729535716,2021-03-10
14,5729535716,2020-05-22
16,5729535716,2021-01-20
20,5729535716,2020-04-23
16,5729535716,2020-09-12
2,5729535716,2021-08-09
14,5729535716,2020-03-18
17,5729535716,2021-10-07
10,5729535716,2021-02-02
18,5729535716,2020-04-21
1,5729535716,2020-02-16
18,5729535716,2021-03-11
20,5729535716,2020-10-13
5,5729535716,2020-11-19
16,5729535716,2020-04-21
17,5729535716,2021-01-23
4,5729535716,2020-08-30
6,5729535716,2020-06-04
20,5729535716,2021-04-09
6,5729535716,2020-07-31
6,5729535716,2021-07-21
3,5729535716,2020-06-11
15,5729535716,2021-11-28
7,5729535716,2022-01-06
8,5729535716,2021-08-23
3,5729535716,2021-02-08
15,5729535716,2021-01-06
16,"",2020-11-01
15,5729535716,2021-02-13
10,5729535716,2022-03-23
12,5729535716,2021-04-01
13,5729535716,2022-03-12
8,5729535716,2021-08-09
17,5729535716,2021-11-04
2,5729535716,2022-02-11
10,5729535716,2021-11-12
5,5729535716,2020-03-21
20,5729535716,2020-05-29
9,5729535716,2020-10-23
12,5729535716,2021-08-22
16,5729535716,2020-07-16
2,5729535716,2020-06-14
16,5729535716,2021-07-25
11,5729535716,2022-01-22
12,5729535716,2020-02-01
11,5729535716,2021-07-16
14,5729535716,2022-01-15
18,5729535716,2021-11-12
4,5729535716,2021-07-04
3,5729535716,2021-02-18
20,5729535716,2020-08-30
19,5729535716,2021-06-14
18,5729535716,2021-11-18
11,5729535716,2020-09-10
12,5729535716,2020-01-18
11,5729535716,2021-05-30
6,5729535716,2022-03-09
12,"",2022-03-03
18,5729535716,2020-07-12
13,5729535716,2021-11-08
2,5729535716,2021-03-29
2,5729535716,2020-02-16
7,5729535716,2020-04-14
17,5729535716,2020-07-01
19,5729535716,2020-06-05
14,5729535716,2021-02-26
20,5729535716,2020-05-24
14,5729535716,2020-05-30
19,5729535716,2021-12-07
12,5729535716,2022-04-10
4,"",2020-01-01
3,5729535716,2020-02-05
1,5729535716,2020-08-21
2,5729535716,2020-10-08
1,5729535716,2020-12-18
13,5729535716,2020-05-02
2,"",2020-01-13
5,5729535716,2022-02-18
4,5729535716,2021-01-04
19,"",2021-02-19
13,5729535716,2020-05-23
6,5729535716,2021-05-27
16,5729535716,2020-01-21
9,5729535716,2020-07-18
9,5729535716,2021-09-09
10,5729535716,2020-12-23
19,5729535716,2021-05-26
19,5729535716,2021-10-01
4,5729535716,2022-04-11
10,5729535716,2021-02-02
1,5729535716,2021-10-05
18,5729535716,2021-03-11
14,5729535716,2020-03-19
3,5729535716,2020-08-16
18,5729535716,2020-03-05
10,5729535716,2021-06-03
12,5729535716,2021-09-11
8,5729535716,2021-11-04
12,5729535716,2021-06-11
20,5729535716,2021-01-21
18,5729535716,2022-03-11
15,5729535716,2020-03-20
7,5729535716,2022-04-16
2,5729535716,2020-05-07
3,5729535716,2021-11-26
11,5729535716,2020-05-25
18,5729535716,2020-12-08
15,5729535716,2021-09-13
10,5729535716,2020-12-16
3,5729535716,2020-10-08
14,5729535716,2020-09-06
3,5729535716,2021-08-15
6,5729535716,2020-08-23
5,5729535716,2020-04-28
4,5729535716,2021-01-21
4,5729535716,2020-04-08
